,clean
2,actress singer songwriter clown neztoile rosa tapioca souffleuse
4,senior javascript developer
9,senior io developer
14,english spanish subtitler
16,senior devop engineer
21,artist translator psychologist
25,senior ios engineer
26,actress singer dancer
29,sale support department junior specialist
30,international domestic trade
31,make technology flexible business use
33,senior software engineer
34,ph d candidate
36,unruly spanish taming
41,principal software architect
43,senior account manager
54,mobile software developer
57,director specialty choreographer tv personality
59,ux ui designer
60,hydronic balancing control hvac system ta
64,actor singer costume designer
68,actor voice lesvoix fr patrick bethune
71,api ui automation
72,key happiness feature film cinema
74,customer service assistant
78,bachelor fine art
81,sr ui ux designer
82,io android developer
85,actress author director
89,source specialist oilfield equipment service
91,web stack developer
95,actor talent film agency axelle sibiril lefebvre man gluten free
97,startup ecosystem builder
99,r d engineer
100,assistant casting director dancer
103,cofounder le wagon latam
104,senior analyst central bank
106,sale team lead eu marketplace expansion
107,mobile development engineer
108,senior software engineer mobile
110,regional marketing specialist
111,open source low cost prototype developer
113,online marketing specialist
114,programmer analyst index
116,actrice agent fre malek
124,technical support engineer
128,master supply chain management certify c mpc cpcm contract manager
130,eft practitioner high potential zebra gifted precocious hypersensitive
132,real estate agent representative
136,artistic agent collaborator
139,big data product owner
146,co founder ceo
148,business documentalist consultant
151,stack javascript developer
152,mobile app development communication
154,social medium intelligence marketing research
155,customer success manager
157,post sector radio television medium
160,ideation lead unir gen
161,user experience leader ux
163,senior software developer
165,digital marketing coordinator
168,frosio inspector level iii
169,founder barrio fluido
170,consultant trainer coach
174,end lead developer
178,chief technology officer
184,voice agent yann levasseur afb
187,solution developer frontend developer angular
188,computer science engineer
189,corona crisis council
190,business data science consultant
193,actrice scenariste realisatrice
194,io developer remote
195,  stack developer javascript
198,entrepreneur experience manager
200,brand communication sme
201,ios tech lead
202,user experience designer
205,engineer datum architect
206,ssr frontend developer
208,ux designer massive entertainment
213,react native developer
215,devop sr sre
219,plant protection product registration trial
222,fullstack web developer license
224,java software engineer
225,senior consultant manage service aem tech leader
227,vp software delivery head development
229,stack software engineer
231,sr stack engineer
232,professor permanent training
233,lead software engineer
235,senior delivery consultant
237,software engineer ii
238,web ui developer
239,frontend web developer
240,svp head client experience corporate international banking
243,io swift angular developer
244,big datum developer
245,  net software developer
248,java software developer
249,system analyst graduate
250,mouredev founder pilbeo co founder io android engineer freelance stack software developer
252,software engineer scrummaster
253,service team manager
256,graphic designer web designer
257,graphic web designer
258,phd student fpi
272,quality control analyst brewing laboratory
274,senior marketing designer
275,senior application developer
279,cpo chief procurement officer
283,seo strategist international market germany
287,ghc ' student scholar
290,medical affair director
291,docent nask nask
292,advertise strategy datum analytic
295,director business operation social medium
301,certify lean sigma master black belt lab automation workflow consultant
311,autora libro silver surfer
313,  manager hotspot aalsmeer ai
314,creative digital project manager
315,technician ms nmr
316,scientist assay development
321,operation change manager
322,laboratory service technician
323,clinical analysis technician
330,sr qa engineer
333,authorize dealer ngc
335,health safety specialist
339,ogc operational planning support
340,director nursing tecsalud hospital san jos
342,regional lead latin america
343,senior product manager
344,devop engineer developer experience
345,teacher special effect
346,coach woman lead
348,corporate commercial manager
349,service deployment analyst
350,senior business analyst
352,supply chain ptm
354,growth datum analytic manager
355,field service technician
356,  net developer ssr
357,chief business development officer cbdo project manager d
364,responsible quality control stability study sector
365,quality coordinator food safety expertise
368,consultant cgsh ms
369,cert lead mentor
371,dynamic efficient metallurgical civil engineer
372,laboratory technician mba
375,key account manager
379,sil tara new world marketing consultant
382,technical advisor biogen comercial e distribuidora ltda
383,junior project manager
384,quality advisor kcl department lumc expert auditor pre analysis iso
385,rc deportivo lfp liga smartbank divisi n goalkeepe coach st team
386,biochemist cytopathologist microbiologist
387,social medium manager sdweb educational content management
388,team leader aeronautical plate technician
390,sr product manager digital
391,fluid operation supervisor
393,technical support instructor
398,intermediate web developer
