Bootcamp;Keywords;Filter by current location
4Geeks;‘4[ -]?Geeks’;Chile, Venezuela
Acámica;‘ac.mica’;Argentina, Colombia, Mexico
Ada ITW;‘ada.?itw|ada’;
Bedu Tech;‘Bedu[ -]?Tech|bedu’;
Bogotá Dev;‘bogot.[ -]?dev| bogot.[ -]?bootcamp’;
Bootcamp Institute;‘bootcamp[ -]?institute’;
Coderise International;‘coderise|coderise.?international’;
Desafío Latam;‘desaf.o[ -]?latam’;
Dev F.;'Dev ?F\.';
Digital House;‘digital[ -]?house’;
Generation Mexico;‘generation[ -]?m.xico’;
Hack Academy;‘hack.?academy’;
HolaCode;'Hola.?Code';
Holberton School;‘holberton.?school’;Puerto Rico, Colombia, Mexico, Ecuador, Uruguay and Peru.
iCreate Coding Academy;‘icreate[ -]?limited|icreate|icreate[ -]?coding[ -]?academy| icreate[ -]?coding’;SEARCH IN ANY GEOGRAPHICAL LOCATION BUT ONLY IN ‘EDUCATION’ AND ‘CERTIFICATES’ FIELDS
IJALTI;‘ijalti’;
Iron Hack;Iron.?Hack’;Mexico and Brazil
Jóvenes a Programar;‘j.venes[ -]?a[ -]?programar’;
Keep Coding;‘keep.?coding’;
Kod1go;‘kod[ -]?1[ -]?go’;
Laboratoria;‘Laborat.ria’;
Le Wagon;‘le.?wagon|wagon’;Brazil, Argentina, Mexico, Chile
Make it Real Camp;‘make[ -]?it[ -]?real[ -]?camp| make[ -]?it[ -]?real’;
MindHub ;‘mind.?hub’;Argentina and Chile
Muktek Academy;‘Muktek’;
Nivel Pro;‘nivel[ -]?pro’;
Noukod;‘Noukod’;
Plataforma 5;‘plataforma[ -]?5’;
Programa Valentina;‘programa[ -]?valentina’;
Pygmalion;‘Pygmalion’;
Reprograma;‘Reprograma’;
World Tech Inc (a.k.a. World Tech Makers –WTM–);‘world[ -]?tech|world[ -]?tech[ -]?inc| world[ -]?tech[ -]?makers|wtm ';
BICTIA;‘bictia’;
Talento Digital;‘talento[ -]?digital’;
